Type,Name,Request Count,Failure Count,Median Response Time,Average Response Time,Min Response Time,Max Response Time,Average Content Size,Requests/s,Failures/s,50%,66%,75%,80%,90%,95%,98%,99%,99.9%,99.99%,100%
GET,/,69,0,21,23.879050724170394,17.680299999483395,119.81340000056662,548.0,1.205705864212404,0.0,21,22,24,25,32,35,42,120,120,120,120
POST,/predict/,117,117,22,23.063991452817522,17.639300000155345,113.49719999998342,232.0,2.044457769751468,2.044457769751468,22,23,24,25,26,32,34,35,110,110,110
,Aggregated,186,117,21,23.366352150254876,17.639300000155345,119.81340000056662,349.2258064516129,3.250163633963872,2.044457769751468,21,23,24,25,28,33,41,110,120,120,120
